{"cameraMode":{"drawMode":0,"name":"Shaded","section":"Shading Mode"},"sceneLighting":true,"audioPlay":false,"sceneViewState":{"m_AlwaysRefresh":false,"showFog":true,"showSkybox":true,"showFlares":true,"showImageEffects":true,"showParticleSystems":true,"showVisualEffectGraphs":true,"m_FxEnabled":true},"in2DMode":false,"pivot":{"x":-0.3509773015975952,"y":-0.17117811739444734,"z":-0.2102576643228531},"rotation":{"x":-0.07525309920310974,"y":0.8841593861579895,"z":-0.15296414494514466,"w":-0.4349755644798279},"size":2.7922472953796388,"orthographic":false}