{"cameraMode":{"drawMode":0,"name":"Shaded","section":"Shading Mode"},"sceneLighting":true,"audioPlay":false,"sceneViewState":{"m_AlwaysRefresh":false,"showFog":true,"showSkybox":true,"showFlares":true,"showImageEffects":true,"showParticleSystems":true,"showVisualEffectGraphs":true,"m_FxEnabled":true},"in2DMode":false,"pivot":{"x":-593.4096069335938,"y":967.6395263671875,"z":2.6683349609375},"rotation":{"x":-0.04079754278063774,"y":-0.008394856937229634,"z":0.00034221599344164133,"w":-0.9991359114646912},"size":947.5513916015625,"orthographic":false}