{"cameraMode":{"drawMode":0,"name":"Shaded","section":"Shading Mode"},"sceneLighting":true,"audioPlay":false,"sceneViewState":{"m_AlwaysRefresh":false,"showFog":true,"showSkybox":true,"showFlares":true,"showImageEffects":true,"showParticleSystems":true,"showVisualEffectGraphs":true,"m_FxEnabled":true},"in2DMode":false,"pivot":{"x":259.1263122558594,"y":832.686767578125,"z":51.868408203125},"rotation":{"x":-0.00031003885669633746,"y":0.027595002204179765,"z":-0.000009198001862387173,"w":-0.9996236562728882},"size":1101.45361328125,"orthographic":false}