{"cameraMode":{"drawMode":0,"name":"Shaded","section":"Shading Mode"},"sceneLighting":true,"audioPlay":false,"sceneViewState":{"m_AlwaysRefresh":false,"showFog":true,"showSkybox":true,"showFlares":true,"showImageEffects":true,"showParticleSystems":true,"showVisualEffectGraphs":true,"m_FxEnabled":true},"in2DMode":false,"pivot":{"x":689.8162231445313,"y":984.025634765625,"z":283.4502868652344},"rotation":{"x":-0.027303995564579965,"y":-0.01439619716256857,"z":0.00039271285641007125,"w":-0.9995260238647461},"size":1112.5699462890625,"orthographic":false}